use newservlet112019;

INSERT INTO public.mst_role(
	authority_id, authority_name, create_date, update_date, create_user_id, update_user_id)
	VALUES (1, '総裁', '2019-11-16 10:23:53.09', '2019-11-16 10:23:53.09', 19960201, 19960201);
INSERT INTO public.mst_role(
	authority_id, authority_name, create_date, update_date, create_user_id, update_user_id)
	VALUES (2, 'ユニットリーダー', '2019-11-16 10:23:53.09', '2019-11-16 10:23:53.09', 19960201, 19960201);
INSERT INTO public.mst_role(
	authority_id, authority_name, create_date, update_date, create_user_id, update_user_id)
	VALUES (3, '講師', '2019-11-16 10:23:53.09', '2019-11-16 10:23:53.09', 19960201, 19960201);
INSERT INTO public.mst_role(
	authority_id, authority_name, create_date, update_date, create_user_id, update_user_id)
	VALUES (4, 'センター', '2019-11-16 10:23:53.09', '2019-11-16 10:23:53.09', 19960201, 19960201);
INSERT INTO public.mst_role(
	authority_id, authority_name, create_date, update_date, create_user_id, update_user_id)
	VALUES (5, 'メダリスト', '2019-11-16 10:23:53.09', '2019-11-16 10:23:53.09', 19960201, 19960201);

INSERT INTO public.mst_gender(
	gender_id, gender_name, create_date, update_date, create_user_id, update_user_id)
	VALUES (1, '男', '2019-11-16 10:23:53.09', '2019-11-16 10:23:53.09', 19960201, 19960201);
INSERT INTO public.mst_gender(
	gender_id, gender_name, create_date, update_date, create_user_id, update_user_id)
	VALUES (2, '女', '2019-11-16 10:23:53.09', '2019-11-16 10:23:53.09', 19960201, 19960201);

INSERT INTO public.mst_user(
	user_id, password, family_name, first_name, gender_id, age, authority_id, admin, create_date, update_date, create_user_id, update_user_id)
	VALUES (19960201, 123456, 'グエン', 'ダイ', 1, 23, 4, 1,'2019-11-16 10:23:53.09' , '2019-11-16 10:23:53.09',19960201 , 19960201);
INSERT INTO public.mst_user(
	user_id, password, family_name, first_name, gender_id, age, authority_id, admin, create_date, update_date, create_user_id, update_user_id)
	VALUES (12345678, 123456, 'Ha', 'Duc', 2, 23, 5, 0,'2019-11-16 10:23:53.09' , '2019-11-16 10:23:53.09',19960201 , 19960201);INSERT INTO public.mst_user(
	user_id, password, family_name, first_name, gender_id, age, authority_id, admin, create_date, update_date, create_user_id, update_user_id)
	VALUES (7, 123456, 'グエン', 'ダイ', 1, 23, 4, 1,'2019-11-16 10:23:53.09' , '2019-11-16 10:23:53.09',19960201 , 19960201);
INSERT INTO public.mst_user(
	user_id, password, family_name, first_name, gender_id, age, authority_id, admin, create_date, update_date, create_user_id, update_user_id)
	VALUES (2, 123456, 'Ha', 'Duc', 2, 23, 5, 0,'2019-11-16 10:23:53.09' , '2019-11-16 10:23:53.09',19960201 , 19960201);INSERT INTO public.mst_user(
	user_id, password, family_name, first_name, gender_id, age, authority_id, admin, create_date, update_date, create_user_id, update_user_id)
	VALUES (19, 123456, 'グエン', 'ダイ', 1, 23, 4, 1,'2019-11-16 10:23:53.09' , '2019-11-16 10:23:53.09',19960201 , 19960201);
INSERT INTO public.mst_user(
	user_id, password, family_name, first_name, gender_id, age, authority_id, admin, create_date, update_date, create_user_id, update_user_id)
	VALUES (123, 123456, 'Ha', 'Duc', 2, 23, 5, 0,'2019-11-16 10:23:53.09' , '2019-11-16 10:23:53.09',19960201 , 19960201);INSERT INTO public.mst_user(
	user_id, password, family_name, first_name, gender_id, age, authority_id, admin, create_date, update_date, create_user_id, update_user_id)
	VALUES (1996, 123456, 'グエン', 'ダイ', 1, 23, 4, 1,'2019-11-16 10:23:53.09' , '2019-11-16 10:23:53.09',19960201 , 19960201);
INSERT INTO public.mst_user(
	user_id, password, family_name, first_name, gender_id, age, authority_id, admin, create_date, update_date, create_user_id, update_user_id)
	VALUES (12345, 123456, 'Ha', 'Duc', 2, 23, 5, 0,'2019-11-16 10:23:53.09' , '2019-11-16 10:23:53.09',19960201 , 19960201);INSERT INTO public.mst_user(
	user_id, password, family_name, first_name, gender_id, age, authority_id, admin, create_date, update_date, create_user_id, update_user_id)
	VALUES (1996021, 123456, 'グエン', 'ダイ', 1, 23, 4, 1,'2019-11-16 10:23:53.09' , '2019-11-16 10:23:53.09',19960201 , 19960201);
INSERT INTO public.mst_user(
	user_id, password, family_name, first_name, gender_id, age, authority_id, admin, create_date, update_date, create_user_id, update_user_id)
	VALUES (1234566, 123456, 'Ha', 'Duc', 2, 23, 5, 0,'2019-11-16 10:23:53.09' , '2019-11-16 10:23:53.09',19960201 , 19960201);INSERT INTO public.mst_user(
	user_id, password, family_name, first_name, gender_id, age, authority_id, admin, create_date, update_date, create_user_id, update_user_id)
	VALUES (1996020, 123456, 'グエン', 'ダイ', 1, 23, 4, 1,'2019-11-16 10:23:53.09' , '2019-11-16 10:23:53.09',19960201 , 19960201);
INSERT INTO public.mst_user(
	user_id, password, family_name, first_name, gender_id, age, authority_id, admin, create_date, update_date, create_user_id, update_user_id)
	VALUES (12345677, 123456, 'Ha', 'Duc', 2, 23, 5, 0,'2019-11-16 10:23:53.09' , '2019-11-16 10:23:53.09',19960201 , 19960201);